<elements>
  <namespace ns="Art">
    <summary>
       Art handles the drawing capabilities in Gnome. All complex rendering is handled here.
    </summary>
    <remarks>
      <para>
         Art is a 2D drawing library. Its goal is to be a high-quality vector-based 2D library with anti-aliasing and alpha composition.
      </para>
    </remarks>
  </namespace>
  <namespace ns="Atk">
    <summary>
      The Accessibility Toolkit.
    </summary>
    <remarks>
      <para>
	The Atk library provides a set of interfaces for
	accessibility. By supporting the Atk interfaces, an application
	or toolkit can be used such as tools such as screen readers,
	magnifiers, and alternative input devices.
      </para>
    </remarks>
  </namespace>
  <namespace ns="GConf.PropertyEditors">
    <summary>
    PropertyEditors which act as intermediaries between 
    <see cref="N:GConf" /> and <see cref="N:Gtk" /> widgets. 
    They are analoguous to the Controller of the MVC design pattern.  
    </summary>
    <remarks>
      <para>
      PropertyEditors do two things:
      <ul><li>
       They listen to GConf notifications, and update 
       widgets to reflect any changes in a GConf setting.
       </li><li>
       They connect to the various "changed" signals on a widget, 
       and update GConf to reflect the widget's current state.
       </li></ul></para>
      <para>
      Also provided are a utility class called 
      <see cref="T:GConf.PropertyEditors.EditorShell" />,
      which exposes a simple API to automatically 
      construct PropertyEditors for a 
      <see cref="T:Glade.XML" /> UI.
      </para>
    </remarks>
  </namespace>
  <namespace ns="GConf">
    <summary>GConf is a process-transparent configuration database with a model-view-controller architecture.</summary>
    <remarks>
      <para>
		 GConf is a system for storing configuration information, that is, key-value pairs. GConf provides a notification service so applications can be notified when a key's value is changed. GConf also allows for pluggable storage mechanisms (text files, databases, etc.); allows administrators to install default values; and allows application authors to document their configuration keys for the benefit of administrators.
      </para>
    </remarks>
  </namespace>
  <namespace ns="Glib">
    <summary>
      General-purpose utilities.
    </summary>
    <remarks>
      <para>
        GLib is a general-purpose utility library, which provides many useful data types, type conversions, string utilities, file utilities and so on.
      </para>
    </remarks>
  </namespace>
  <namespace ns="Gdk">
    <summary>An intermediate layer which isolates Gtk from the details of the windowing system.</summary>
    <remarks>
    </remarks>
  </namespace>
  <namespace ns="Glade">
    <summary>
      User interface loading at runtime. 
    </summary>
    <remarks>
      <para>
	The Glade classes give applications the ability to load user
	interfaces from XML files at runtime.  These interface files
	can be created with the Glade user interface builder. The
	Glade classes are also capable of automatically connecting
	handlers to the signals defined in the interface file.
      </para>
    </remarks>
  </namespace>
  <namespace ns="Gnome.Vfs">
    <summary>Library for dealing with various virtual file systems.</summary>
    <remarks>
      <para>
	 GnomeVFS is a filesystem abstraction library allowing applications plugable transparent access to a variety of "real" filesystems, from WebDAV to digital cameras, to the local filesystem. It also contains a number of other convenient file utilities such as a comphrehensive MIME database / Application registry, and a copy engine. Use of GnomeVFS ensures that an application or component will be usable by Nautilus or other GnomeVFS applications for handling the display of data from various URIs, as well.
      </para>
      <para>
         From a user's perspective GnomeVFS enabled applications provide consistent access to their data, whether it be stored on remote servers or on their local harddisk, or even a peripheral device such as a Rio or a digital camera. Rather than having to work around the distinction between storage you can work off of and storage you can only "download" from or "upload" to, GnomeVFS allows users to store their documents and data wherever it is most convenient.
      </para>
      <para>
         Besides providing transparent access to data methods that you might otherwise have to implement, GnomeVFS provides a number of convenience libraries for processing URIs, detecting the MIME type of files, and even figuring out which applications or components to launch to view a file or what icon to use. Writing a GnomeVFS module may also be an appropriate solution to some data access problems as it allows the developer to implement a relatively small number of functions to gain general filesystem semantics (and of course, writing a GnomeVFS module benefits other applications too!).
      </para>
    </remarks>
  </namespace>
  <namespace ns="Gnome">
    <summary>
      GNU Network Object Model Environment.
    </summary>
    <remarks>
      <para>
	The Gnome classes gives applications a unified look and feel by providing common widgets, such as an About dialog, Popup dialogs, and a Druid (First time setup of your application).
	Futhermore classes are provided to help you draw structured graphics on the screen.
      </para>
    </remarks>
  </namespace>
  <namespace ns="Gtk.DotNet">
    <summary>Extension to the Gtk Widget set for .Net interoperability.</summary>
    <remarks>
      <para>
	The functionality provided in this namespace is aimed at utilizing
	the power of the non-ECMA portions of .Net like System.Drawing and 
	System.Data for the development of Gtk applications. This namespace
	is provided by the gtk-dotnet assembly.
      </para>
    </remarks>
  </namespace>
  <namespace ns="Gdk">
    <summary>The Gtk Widget set.</summary>
    <remarks>
      <para>
	Gtk is a library for creating graphical user interfaces. It
	works on many UNIX-like platforms, Windows, and on framebuffer
	devices.  Gtk is released under the GNU Library General Public
	License (GNU LGPL), which allows for flexible licensing of
	client applications.
      </para>
    </remarks>
  </namespace>
  <namespace ns="Pango">
    <summary>
       Pango provides advanced font and text handling that is used for Gdk and Gtk.
    </summary>
    <remarks>
      <para>
	 Pango project provides a framework for the layout and
	 rendering of internationalized text.  Pango uses Unicode for
	 all of its encoding, and will eventually support output in
	 all the worlds major languages.
      </para>
    </remarks>
  </namespace>
  <namespace ns="Rsvg">
    <summary>Library for rendering of SVG vector graphics.</summary>
    <remarks>
      <para>
		The Gnome Scalable Vector Graphics Library (RSVG) is a library for rendering SVG and SVGZ files. RSVG is released under the GNU Library General Public License (GNU LGPL), which allows for flexible licensing of client applications.
      </para>
      <para>
		RSVG depends on the following libraries:
		<list type="bullet"><item><term><see cref="N:GLib" /></term></item><item><term><see cref="N:Pango" /></term></item><item><term><see cref="N:Gdk" /></term></item></list></para>
    </remarks>
  </namespace>
  <namespace ns="Vte">
    <summary>
	A terminal widget implementation.
    </summary>
    <remarks>
    </remarks>
  </namespace>
</elements>